object_location,image_small,image_thumb
/objects/chinatown2.pdf,/objects/small/chinatown2_sm.jpg,/objects/thumbs/chinatown2_th.jpg
/objects/editheaton6.jpg,/objects/small/editheaton6_sm.jpg,/objects/thumbs/editheaton6_th.jpg
/objects/editheaton7.jpg,/objects/small/editheaton7_sm.jpg,/objects/thumbs/editheaton7_th.jpg
/objects/chinatown3.pdf,/objects/small/chinatown3_sm.jpg,/objects/thumbs/chinatown3_th.jpg
/objects/editheaton5.pdf,/objects/small/editheaton5_sm.jpg,/objects/thumbs/editheaton5_th.jpg
/objects/chinatown1.pdf,/objects/small/chinatown1_sm.jpg,/objects/thumbs/chinatown1_th.jpg
/objects/wingsing3.pdf,/objects/small/wingsing3_sm.jpg,/objects/thumbs/wingsing3_th.jpg
/objects/editheaton4.jpg,/objects/small/editheaton4_sm.jpg,/objects/thumbs/editheaton4_th.jpg
/objects/editheaton1.jpg,/objects/small/editheaton1_sm.jpg,/objects/thumbs/editheaton1_th.jpg
/objects/wingsing5.jpg,/objects/small/wingsing5_sm.jpg,/objects/thumbs/wingsing5_th.jpg
/objects/editheaton3.jpg,/objects/small/editheaton3_sm.jpg,/objects/thumbs/editheaton3_th.jpg
/objects/wingsing4.pdf,/objects/small/wingsing4_sm.jpg,/objects/thumbs/wingsing4_th.jpg
/objects/editheaton2.jpg,/objects/small/editheaton2_sm.jpg,/objects/thumbs/editheaton2_th.jpg
/objects/wingsing6.jpg,/objects/small/wingsing6_sm.jpg,/objects/thumbs/wingsing6_th.jpg
/objects/editheaton20.pdf,/objects/small/editheaton20_sm.jpg,/objects/thumbs/editheaton20_th.jpg
/objects/achuenamoy4.pdf,/objects/small/achuenamoy4_sm.jpg,/objects/thumbs/achuenamoy4_th.jpg
/objects/achuenamoy5.pdf,/objects/small/achuenamoy5_sm.jpg,/objects/thumbs/achuenamoy5_th.jpg
/objects/editheaton23.jpg,/objects/small/editheaton23_sm.jpg,/objects/thumbs/editheaton23_th.jpg
/objects/editheaton21.pdf,/objects/small/editheaton21_sm.jpg,/objects/thumbs/editheaton21_th.jpg
/objects/achuenamoy7.jpg,/objects/small/achuenamoy7_sm.jpg,/objects/thumbs/achuenamoy7_th.jpg
/objects/wongcheeping4.pdf,/objects/small/wongcheeping4_sm.jpg,/objects/thumbs/wongcheeping4_th.jpg
/objects/achuenamoy6.pdf,/objects/small/achuenamoy6_sm.jpg,/objects/thumbs/achuenamoy6_th.jpg
/objects/wongcheeping3.jpg,/objects/small/wongcheeping3_sm.jpg,/objects/thumbs/wongcheeping3_th.jpg
/objects/wongcheeping1.pdf,/objects/small/wongcheeping1_sm.jpg,/objects/thumbs/wongcheeping1_th.jpg
/objects/achuenamoy10.jpg,/objects/small/achuenamoy10_sm.jpg,/objects/thumbs/achuenamoy10_th.jpg
/objects/achuenamoy11.jpg,/objects/small/achuenamoy11_sm.jpg,/objects/thumbs/achuenamoy11_th.jpg
/objects/sangkee8.jpg,/objects/small/sangkee8_sm.jpg,/objects/thumbs/sangkee8_th.jpg
/objects/achuenamoy1.jpg,/objects/small/achuenamoy1_sm.jpg,/objects/thumbs/achuenamoy1_th.jpg
/objects/editheaton19.pdf,/objects/small/editheaton19_sm.jpg,/objects/thumbs/editheaton19_th.jpg
/objects/achuenamoy3.jpg,/objects/small/achuenamoy3_sm.jpg,/objects/thumbs/achuenamoy3_th.jpg
/objects/wongcheeping2.pdf,/objects/small/wongcheeping2_sm.jpg,/objects/thumbs/wongcheeping2_th.jpg
/objects/achuenamoy13.jpg,/objects/small/achuenamoy13_sm.jpg,/objects/thumbs/achuenamoy13_th.jpg
/objects/achuenamoy12.jpg,/objects/small/achuenamoy12_sm.jpg,/objects/thumbs/achuenamoy12_th.jpg
/objects/sangkee9.pdf,/objects/small/sangkee9_sm.jpg,/objects/thumbs/sangkee9_th.jpg
/objects/achuenamoy2.jpg,/objects/small/achuenamoy2_sm.jpg,/objects/thumbs/achuenamoy2_th.jpg
/objects/editheaton18.pdf,/objects/small/editheaton18_sm.jpg,/objects/thumbs/editheaton18_th.jpg
/objects/editheaton24.pdf,/objects/small/editheaton24_sm.jpg,/objects/thumbs/editheaton24_th.jpg
/objects/sangkee6-2.jpg,/objects/small/sangkee6-2_sm.jpg,/objects/thumbs/sangkee6-2_th.jpg
/objects/sangkee6-3.jpg,/objects/small/sangkee6-3_sm.jpg,/objects/thumbs/sangkee6-3_th.jpg
/objects/sangkee5.pdf,/objects/small/sangkee5_sm.jpg,/objects/thumbs/sangkee5_th.jpg
/objects/editheaton16.pdf,/objects/small/editheaton16_sm.jpg,/objects/thumbs/editheaton16_th.jpg
/objects/sangkee7.pdf,/objects/small/sangkee7_sm.jpg,/objects/thumbs/sangkee7_th.jpg
/objects/sangkee6-1.jpg,/objects/small/sangkee6-1_sm.jpg,/objects/thumbs/sangkee6-1_th.jpg
/objects/sangkee4.jpg,/objects/small/sangkee4_sm.jpg,/objects/thumbs/sangkee4_th.jpg
/objects/sangkee6.pdf,/objects/small/sangkee6_sm.jpg,/objects/thumbs/sangkee6_th.jpg
/objects/achuenamoy9.jpg,/objects/small/achuenamoy9_sm.jpg,/objects/thumbs/achuenamoy9_th.jpg
/objects/sangkee6-4.jpg,/objects/small/sangkee6-4_sm.jpg,/objects/thumbs/sangkee6-4_th.jpg
/objects/editheaton11.jpg,/objects/small/editheaton11_sm.jpg,/objects/thumbs/editheaton11_th.jpg
/objects/sangkee1.jpg,/objects/small/sangkee1_sm.jpg,/objects/thumbs/sangkee1_th.jpg
/objects/achuenamoy8.png,/objects/small/achuenamoy8_sm.jpg,/objects/thumbs/achuenamoy8_th.jpg
/objects/sangkee6-5.jpg,/objects/small/sangkee6-5_sm.jpg,/objects/thumbs/sangkee6-5_th.jpg
/objects/sangkee3.jpg,/objects/small/sangkee3_sm.jpg,/objects/thumbs/sangkee3_th.jpg
/objects/editheaton12.jpg,/objects/small/editheaton12_sm.jpg,/objects/thumbs/editheaton12_th.jpg
/objects/editheaton13.jpg,/objects/small/editheaton13_sm.jpg,/objects/thumbs/editheaton13_th.jpg
/objects/sangkee2.jpg,/objects/small/sangkee2_sm.jpg,/objects/thumbs/sangkee2_th.jpg
/objects/sangkee13.pdf,/objects/small/sangkee13_sm.jpg,/objects/thumbs/sangkee13_th.jpg
/objects/wingsing9.pdf,/objects/small/wingsing9_sm.jpg,/objects/thumbs/wingsing9_th.jpg
/objects/sangkee13-3.jpg,/objects/small/sangkee13-3_sm.jpg,/objects/thumbs/sangkee13-3_th.jpg
/objects/sangkee13-2.jpg,/objects/small/sangkee13-2_sm.jpg,/objects/thumbs/sangkee13-2_th.jpg
/objects/wingsing10.pdf,/objects/small/wingsing10_sm.jpg,/objects/thumbs/wingsing10_th.jpg
/objects/wingsing8.pdf,/objects/small/wingsing8_sm.jpg,/objects/thumbs/wingsing8_th.jpg
/objects/sangkee12.pdf,/objects/small/sangkee12_sm.jpg,/objects/thumbs/sangkee12_th.jpg
/objects/sangkee10.pdf,/objects/small/sangkee10_sm.jpg,/objects/thumbs/sangkee10_th.jpg
/objects/sangkee13-1.jpg,/objects/small/sangkee13-1_sm.jpg,/objects/thumbs/sangkee13-1_th.jpg
/objects/sangkee11.pdf,/objects/small/sangkee11_sm.jpg,/objects/thumbs/sangkee11_th.jpg
/objects/sangkee15.pdf,/objects/small/sangkee15_sm.jpg,/objects/thumbs/sangkee15_th.jpg
/objects/sangkee13-5.jpg,/objects/small/sangkee13-5_sm.jpg,/objects/thumbs/sangkee13-5_th.jpg
/objects/sangkee13-4.jpg,/objects/small/sangkee13-4_sm.jpg,/objects/thumbs/sangkee13-4_th.jpg
/objects/sangkee14.pdf,/objects/small/sangkee14_sm.jpg,/objects/thumbs/sangkee14_th.jpg
/objects/editheaton8.jpg,/objects/small/editheaton8_sm.jpg,/objects/thumbs/editheaton8_th.jpg
/objects/editheaton9.pdf,/objects/small/editheaton9_sm.jpg,/objects/thumbs/editheaton9_th.jpg
